file,class,type,cbo,cboModified,fanin,fanout,wmc,dit,noc,rfc,lcom,lcom*,tcc,lcc,totalMethodsQty,staticMethodsQty,publicMethodsQty,privateMethodsQty,protectedMethodsQty,defaultMethodsQty,visibleMethodsQty,abstractMethodsQty,finalMethodsQty,synchronizedMethodsQty,totalFieldsQty,staticFieldsQty,publicFieldsQty,privateFieldsQty,protectedFieldsQty,defaultFieldsQty,finalFieldsQty,synchronizedFieldsQty,nosi,loc,returnQty,loopQty,comparisonsQty,tryCatchQty,parenthesizedExpsQty,stringLiteralsQty,numbersQty,assignmentsQty,mathOperationsQty,variablesQty,maxNestedBlocksQty,anonymousClassesQty,innerClassesQty,lambdasQty,uniqueWordsQty,modifiers,logStatementsQty
C:\Users\DELL PRO\Desktop\mini_projet\CheckInOutAPI-Hotel-Reservation-Management-main\src\main\java\com\api\apicheck_incheck_out\service\impl\FactureServiceImpl.java,com.api.apicheck_incheck_out.service.impl.FactureServiceImpl,class,15,16,1,15,15,1,0,42,0,0.4857143,0.0,0.0,7,0,7,0,0,0,7,0,0,0,5,2,0,5,0,0,5,0,2,100,5,4,1,2,1,4,4,22,3,19,2,0,0,1,60,1,1
C:\Users\DELL PRO\Desktop\mini_projet\CheckInOutAPI-Hotel-Reservation-Management-main\src\main\java\com\api\apicheck_incheck_out\service\factory\DocumentScanValidator.java,com.api.apicheck_incheck_out.service.factory.DocumentScanValidator,class,8,10,2,8,13,1,0,12,10,0.0,NaN,NaN,5,0,1,4,0,0,1,0,0,0,0,0,0,0,0,0,0,0,0,30,0,0,4,0,0,3,0,1,0,1,1,0,0,0,24,1,0
C:\Users\DELL PRO\Desktop\mini_projet\CheckInOutAPI-Hotel-Reservation-Management-main\src\main\java\com\api\apicheck_incheck_out\service\impl\ChambreServiceImpl.java,com.api.apicheck_incheck_out.service.impl.ChambreServiceImpl,class,5,5,0,5,8,1,0,18,0,0.0,0.0,0.0,6,0,6,0,0,0,6,0,0,0,1,0,0,1,0,0,1,0,0,37,4,0,0,0,0,3,0,3,3,3,1,0,0,1,18,1,0
C:\Users\DELL PRO\Desktop\mini_projet\CheckInOutAPI-Hotel-Reservation-Management-main\src\main\java\com\api\apicheck_incheck_out\service\factory\ChambreReservationFinder.java,com.api.apicheck_incheck_out.service.factory.ChambreReservationFinder,class,5,7,2,5,5,1,0,5,0,0.0,0.0,0.0,4,0,4,0,0,0,4,0,0,0,1,0,0,1,0,0,1,0,0,19,3,0,0,0,0,3,0,2,2,2,1,0,0,1,21,1,0
C:\Users\DELL PRO\Desktop\mini_projet\CheckInOutAPI-Hotel-Reservation-Management-main\src\main\java\com\api\apicheck_incheck_out\service\ChambreService.java,com.api.apicheck_incheck_out.service.ChambreService,interface,1,3,2,1,5,1,0,0,10,0.0,0.0,0.0,5,0,5,0,0,0,5,0,0,0,0,0,0,0,0,0,0,0,0,7,0,0,0,0,0,0,0,0,0,0,0,0,0,0,10,1,0
C:\Users\DELL PRO\Desktop\mini_projet\CheckInOutAPI-Hotel-Reservation-Management-main\src\main\java\com\api\apicheck_incheck_out\repository\UserRepository.java,com.api.apicheck_incheck_out.repository.UserRepository,interface,5,10,5,5,5,1,0,0,10,0.0,0.0,0.0,5,0,0,0,0,5,5,0,0,0,0,0,0,0,0,0,0,0,0,7,0,0,0,0,0,6,0,0,0,0,0,0,0,0,23,1,0
C:\Users\DELL PRO\Desktop\mini_projet\CheckInOutAPI-Hotel-Reservation-Management-main\src\main\java\com\api\apicheck_incheck_out\stripe\service\impl\StripeServiceImpl.java,com.api.apicheck_incheck_out.stripe.service.impl.StripeServiceImpl,class,11,12,1,11,10,1,0,38,4,0.5,0.0,0.0,4,0,4,0,0,0,4,0,0,0,1,0,0,1,0,0,0,0,1,49,6,0,4,2,2,22,4,12,8,10,1,0,0,0,55,1,3
C:\Users\DELL PRO\Desktop\mini_projet\CheckInOutAPI-Hotel-Reservation-Management-main\src\main\java\com\api\apicheck_incheck_out\exceptionhandling\DocumentNotScannedException.java,com.api.apicheck_incheck_out.exceptionhandling.DocumentNotScannedException,class,0,1,1,0,1,4,0,0,0,0.0,NaN,NaN,1,0,1,0,0,0,1,0,0,0,0,0,0,0,0,0,0,0,0,5,0,0,0,0,0,0,0,0,0,0,0,0,0,0,6,1,0
C:\Users\DELL PRO\Desktop\mini_projet\CheckInOutAPI-Hotel-Reservation-Management-main\src\main\java\com\api\apicheck_incheck_out\repository\CheckInRepository.java,com.api.apicheck_incheck_out.repository.CheckInRepository,interface,3,9,6,3,1,1,0,0,0,0.0,NaN,NaN,1,0,0,0,0,1,1,0,0,0,0,0,0,0,0,0,0,0,0,3,0,0,0,0,0,0,0,0,0,0,0,0,0,0,7,1,0
C:\Users\DELL PRO\Desktop\mini_projet\CheckInOutAPI-Hotel-Reservation-Management-main\src\main\java\com\api\apicheck_incheck_out\controller\ChambreController.java,com.api.apicheck_incheck_out.controller.ChambreController,class,15,15,0,15,7,1,0,17,0,0.21428573,0.0,0.0,7,0,7,0,0,0,7,0,0,0,2,0,0,2,0,0,2,0,2,34,6,0,0,0,0,5,0,9,0,9,0,0,0,0,23,1,0
C:\Users\DELL PRO\Desktop\mini_projet\CheckInOutAPI-Hotel-Reservation-Management-main\src\main\java\com\api\apicheck_incheck_out\controller\CheckInController.java,com.api.apicheck_incheck_out.controller.CheckInController,class,25,25,0,25,32,1,0,48,0,0.67142856,0.0,0.0,10,0,10,0,0,0,10,0,0,0,7,2,0,7,0,0,7,0,3,168,25,0,6,4,0,44,3,26,9,26,3,0,0,0,90,1,9
C:\Users\DELL PRO\Desktop\mini_projet\CheckInOutAPI-Hotel-Reservation-Management-main\src\main\java\com\api\apicheck_incheck_out\SwaggerConfig.java,com.api.apicheck_incheck_out.SwaggerConfig,class,4,4,0,4,1,1,0,4,0,0.0,NaN,NaN,1,0,1,0,0,0,1,0,0,0,0,0,0,0,0,0,0,0,0,5,1,0,0,0,0,3,0,0,0,0,0,0,0,0,14,1,0
C:\Users\DELL PRO\Desktop\mini_projet\CheckInOutAPI-Hotel-Reservation-Management-main\src\main\java\com\api\apicheck_incheck_out\controller\UserController.java,com.api.apicheck_incheck_out.controller.UserController,class,14,14,0,14,8,1,0,9,0,0.0,0.0,0.0,8,0,8,0,0,0,8,0,0,0,1,0,0,1,0,0,1,0,0,27,7,0,0,0,0,12,0,0,0,1,0,0,0,0,16,1,0
C:\Users\DELL PRO\Desktop\mini_projet\CheckInOutAPI-Hotel-Reservation-Management-main\src\main\java\com\api\apicheck_incheck_out\security\JwtService.java,com.api.apicheck_incheck_out.security.JwtService,class,9,12,3,9,11,1,0,37,34,0.7777778,0.0,0.0,9,0,6,3,0,0,6,0,0,0,1,0,1,0,0,0,0,0,4,51,9,0,0,2,1,7,1,7,1,7,1,0,0,0,39,1,0
C:\Users\DELL PRO\Desktop\mini_projet\CheckInOutAPI-Hotel-Reservation-Management-main\src\main\java\com\api\apicheck_incheck_out\repository\ServiceRepository.java,com.api.apicheck_incheck_out.repository.ServiceRepository,interface,2,6,4,2,0,1,0,0,0,0.0,-1.0,-1.0,0,0,0,0,0,0,0,0,0,0,0,0,0,0,0,0,0,0,0,2,0,0,0,0,0,0,0,0,0,0,0,0,0,0,2,1,0
C:\Users\DELL PRO\Desktop\mini_projet\CheckInOutAPI-Hotel-Reservation-Management-main\src\main\java\com\api\apicheck_incheck_out\security\JWTFilter.java,com.api.apicheck_incheck_out.security.JWTFilter,class,12,13,1,12,7,2,0,16,1,0.5,0.0,0.0,2,0,2,0,0,0,2,0,0,0,2,0,0,2,0,0,2,0,0,24,1,0,3,0,2,8,1,8,0,8,1,0,0,0,44,1,0
C:\Users\DELL PRO\Desktop\mini_projet\CheckInOutAPI-Hotel-Reservation-Management-main\src\main\java\com\api\apicheck_incheck_out\repository\ChambreRepository.java,com.api.apicheck_incheck_out.repository.ChambreRepository,interface,3,6,3,3,1,1,0,0,0,0.0,NaN,NaN,1,0,0,0,0,1,1,0,0,0,0,0,0,0,0,0,0,0,0,3,0,0,0,0,0,0,0,0,0,0,0,0,0,0,7,1,0
C:\Users\DELL PRO\Desktop\mini_projet\CheckInOutAPI-Hotel-Reservation-Management-main\src\main\java\com\api\apicheck_incheck_out\entity\Reservation.java,com.api.apicheck_incheck_out.entity.Reservation,class,24,64,40,24,0,1,0,0,0,NaN,-1.0,-1.0,0,0,0,0,0,0,0,0,0,0,10,0,0,10,0,0,0,0,0,12,0,0,0,0,0,10,0,0,0,10,0,0,0,0,26,1,0
C:\Users\DELL PRO\Desktop\mini_projet\CheckInOutAPI-Hotel-Reservation-Management-main\src\main\java\com\api\apicheck_incheck_out\service\impl\ReservationServicesServiceImpl.java,com.api.apicheck_incheck_out.service.impl.ReservationServicesServiceImpl,class,11,11,0,11,7,1,0,24,0,0.54285717,0.0,0.0,7,0,7,0,0,0,7,0,0,0,5,0,0,5,0,0,5,0,0,40,5,0,0,0,0,0,0,12,0,15,0,0,0,3,35,1,0
C:\Users\DELL PRO\Desktop\mini_projet\CheckInOutAPI-Hotel-Reservation-Management-main\src\main\java\com\api\apicheck_incheck_out\service\ChambreReservationService.java,com.api.apicheck_incheck_out.service.ChambreReservationService,interface,3,5,2,3,7,1,0,0,21,0.0,0.0,0.0,7,0,7,0,0,0,7,0,0,0,0,0,0,0,0,0,0,0,0,9,0,0,0,0,0,0,0,0,0,0,0,0,0,0,20,1,0
C:\Users\DELL PRO\Desktop\mini_projet\CheckInOutAPI-Hotel-Reservation-Management-main\src\main\java\com\api\apicheck_incheck_out\dto\ApiResponse.java,com.api.apicheck_incheck_out.dto.ApiResponse,class,2,4,2,2,1,1,0,0,0,0.0,NaN,NaN,1,0,1,0,0,0,1,0,0,0,3,0,0,3,0,0,0,0,0,10,0,0,0,0,0,0,0,3,0,3,0,0,0,0,6,1,0
C:\Users\DELL PRO\Desktop\mini_projet\CheckInOutAPI-Hotel-Reservation-Management-main\src\main\java\com\api\apicheck_incheck_out\pdf\FacturePDF.java,com.api.apicheck_incheck_out.pdf.FacturePDF,class,7,10,3,7,8,1,0,21,7,0.78571427,0.0,0.0,7,6,1,5,0,1,2,0,0,0,4,4,0,0,4,0,4,0,5,67,1,0,0,1,0,22,7,9,5,9,1,0,0,0,54,1,1
C:\Users\DELL PRO\Desktop\mini_projet\CheckInOutAPI-Hotel-Reservation-Management-main\src\main\java\com\api\apicheck_incheck_out\entity\Notification.java,com.api.apicheck_incheck_out.entity.Notification,class,13,22,9,13,0,1,0,0,0,NaN,-1.0,-1.0,0,0,0,0,0,0,0,0,0,0,4,0,0,4,0,0,0,0,0,6,0,0,0,0,0,4,0,0,0,4,0,0,0,0,12,1,0
C:\Users\DELL PRO\Desktop\mini_projet\CheckInOutAPI-Hotel-Reservation-Management-main\src\main\java\com\api\apicheck_incheck_out\controller\FactureController.java,com.api.apicheck_incheck_out.controller.FactureController,class,28,29,1,28,18,1,0,41,0,0.68253964,0.0,0.0,9,0,8,1,0,0,8,0,0,0,7,1,0,7,0,0,6,0,6,103,11,0,2,3,0,28,1,26,10,26,1,0,0,5,86,1,1
C:\Users\DELL PRO\Desktop\mini_projet\CheckInOutAPI-Hotel-Reservation-Management-main\src\main\java\com\api\apicheck_incheck_out\mapper\ReservationServicesMapper.java,com.api.apicheck_incheck_out.mapper.ReservationServicesMapper,class,8,9,1,8,3,1,0,9,1,0.33333334,0.0,0.0,3,0,3,0,0,0,3,0,0,0,2,0,0,2,0,0,2,0,0,16,2,0,0,0,0,2,0,4,2,4,0,0,0,2,16,1,0
C:\Users\DELL PRO\Desktop\mini_projet\CheckInOutAPI-Hotel-Reservation-Management-main\src\main\java\com\api\apicheck_incheck_out\exceptionhandling\EncryptionException.java,com.api.apicheck_incheck_out.exceptionhandling.EncryptionException,class,0,1,1,0,1,4,0,0,0,0.0,NaN,NaN,1,0,1,0,0,0,1,0,0,0,0,0,0,0,0,0,0,0,0,5,0,0,0,0,0,0,0,0,0,0,0,0,0,0,5,1,0
C:\Users\DELL PRO\Desktop\mini_projet\CheckInOutAPI-Hotel-Reservation-Management-main\src\main\java\com\api\apicheck_incheck_out\mapper\UserMapper.java,com.api.apicheck_incheck_out.mapper.UserMapper,class,5,7,2,5,6,1,0,32,1,0.0,0.0,0.0,2,0,2,0,0,0,2,0,0,0,0,0,0,0,0,0,0,0,0,42,4,0,4,0,0,0,0,4,0,4,1,0,0,0,13,1,0
C:\Users\DELL PRO\Desktop\mini_projet\CheckInOutAPI-Hotel-Reservation-Management-main\src\main\java\com\api\apicheck_incheck_out\repository\ChambreReservationRepository.java,com.api.apicheck_incheck_out.repository.ChambreReservationRepository,interface,7,15,8,7,6,1,0,0,15,0.0,0.0,0.0,6,0,0,0,0,6,6,0,0,0,0,0,0,0,0,0,0,0,0,8,0,0,0,0,0,6,0,0,1,0,0,0,0,0,30,1,0
C:\Users\DELL PRO\Desktop\mini_projet\CheckInOutAPI-Hotel-Reservation-Management-main\src\main\java\com\api\apicheck_incheck_out\controller\ServiceController.java,com.api.apicheck_incheck_out.controller.ServiceController,class,11,11,0,11,5,1,0,5,0,0.0,0.0,0.0,5,0,5,0,0,0,5,0,0,0,1,0,0,1,0,0,1,0,0,18,4,0,0,0,0,3,0,1,0,1,0,0,0,0,13,1,0
C:\Users\DELL PRO\Desktop\mini_projet\CheckInOutAPI-Hotel-Reservation-Management-main\src\main\java\com\api\apicheck_incheck_out\dto\ReservationServicesDTO.java,com.api.apicheck_incheck_out.dto.ReservationServicesDTO,class,6,8,2,6,0,1,0,0,0,NaN,-1.0,-1.0,0,0,0,0,0,0,0,0,0,0,5,0,0,5,0,0,0,0,0,7,0,0,0,0,0,0,0,0,0,5,0,0,0,0,14,1,0
C:\Users\DELL PRO\Desktop\mini_projet\CheckInOutAPI-Hotel-Reservation-Management-main\src\main\java\com\api\apicheck_incheck_out\dto\ReservationServiceRequestDTO.java,com.api.apicheck_incheck_out.dto.ReservationServiceRequestDTO,class,4,7,3,4,0,1,0,0,0,NaN,-1.0,-1.0,0,0,0,0,0,0,0,0,0,0,6,0,0,6,0,0,0,0,0,8,0,0,0,0,0,0,0,0,0,6,0,0,0,0,17,1,0
C:\Users\DELL PRO\Desktop\mini_projet\CheckInOutAPI-Hotel-Reservation-Management-main\src\main\java\com\api\apicheck_incheck_out\exceptionhandling\FileExtractionException.java,com.api.apicheck_incheck_out.exceptionhandling.FileExtractionException,class,0,1,1,0,1,4,0,0,0,0.0,NaN,NaN,1,0,1,0,0,0,1,0,0,0,0,0,0,0,0,0,0,0,0,5,0,0,0,0,0,0,0,0,0,0,0,0,0,0,6,1,0
C:\Users\DELL PRO\Desktop\mini_projet\CheckInOutAPI-Hotel-Reservation-Management-main\src\main\java\com\api\apicheck_incheck_out\entity\Chambre.java,com.api.apicheck_incheck_out.entity.Chambre,class,14,25,11,14,0,1,0,0,0,NaN,-1.0,-1.0,0,0,0,0,0,0,0,0,0,0,7,0,0,7,0,0,0,0,0,9,0,0,0,0,0,7,0,0,0,7,0,0,0,0,16,1,0
C:\Users\DELL PRO\Desktop\mini_projet\CheckInOutAPI-Hotel-Reservation-Management-main\src\main\java\com\api\apicheck_incheck_out\controller\DocumentScanController.java,com.api.apicheck_incheck_out.controller.DocumentScanController,class,10,10,0,10,3,1,0,13,0,0.0,0.0,0.0,2,0,2,0,0,0,2,0,0,0,1,0,0,1,0,0,1,0,0,15,1,0,0,0,0,5,1,3,0,3,1,0,0,1,23,1,0
C:\Users\DELL PRO\Desktop\mini_projet\CheckInOutAPI-Hotel-Reservation-Management-main\src\main\java\com\api\apicheck_incheck_out\mapper\ReservationMapper.java,com.api.apicheck_incheck_out.mapper.ReservationMapper,class,16,18,2,16,13,1,0,22,1,0.33333334,0.0,0.0,3,0,3,0,0,0,3,0,0,0,6,0,0,6,0,0,6,0,0,37,2,0,7,0,3,3,0,17,3,15,1,0,0,3,31,1,0
C:\Users\DELL PRO\Desktop\mini_projet\CheckInOutAPI-Hotel-Reservation-Management-main\src\main\java\com\api\apicheck_incheck_out\exceptionhandling\FactureNotFoundException.java,com.api.apicheck_incheck_out.exceptionhandling.FactureNotFoundException,class,0,2,2,0,1,4,0,0,0,0.0,NaN,NaN,1,0,1,0,0,0,1,0,0,0,0,0,0,0,0,0,0,0,0,5,0,0,0,0,0,0,0,0,0,0,0,0,0,0,6,1,0
C:\Users\DELL PRO\Desktop\mini_projet\CheckInOutAPI-Hotel-Reservation-Management-main\src\main\java\com\api\apicheck_incheck_out\exceptionhandling\InvalidPassportException.java,com.api.apicheck_incheck_out.exceptionhandling.InvalidPassportException,class,0,1,1,0,1,4,0,0,0,0.0,NaN,NaN,1,0,1,0,0,0,1,0,0,0,0,0,0,0,0,0,0,0,0,5,0,0,0,0,0,0,0,0,0,0,0,0,0,0,5,1,0
C:\Users\DELL PRO\Desktop\mini_projet\CheckInOutAPI-Hotel-Reservation-Management-main\src\main\java\com\api\apicheck_incheck_out\enums\FactureType.java,com.api.apicheck_incheck_out.enums.FactureType,enum,0,2,2,0,0,1,0,0,0,0.0,-1.0,-1.0,0,0,0,0,0,0,0,0,0,0,0,0,0,0,0,0,0,0,0,1,0,0,0,0,0,0,0,0,0,0,0,0,0,0,11,1,0
C:\Users\DELL PRO\Desktop\mini_projet\CheckInOutAPI-Hotel-Reservation-Management-main\src\main\java\com\api\apicheck_incheck_out\exceptionhandling\InvalidNameException.java,com.api.apicheck_incheck_out.exceptionhandling.InvalidNameException,class,0,1,1,0,1,4,0,0,0,0.0,NaN,NaN,1,0,1,0,0,0,1,0,0,0,0,0,0,0,0,0,0,0,0,5,0,0,0,0,0,0,0,0,0,0,0,0,0,0,5,1,0
C:\Users\DELL PRO\Desktop\mini_projet\CheckInOutAPI-Hotel-Reservation-Management-main\src\main\java\com\api\apicheck_incheck_out\service\factory\CheckInFinder.java,com.api.apicheck_incheck_out.service.factory.CheckInFinder,class,7,8,1,7,5,1,0,11,0,0.4666667,0.0,0.0,5,0,5,0,0,0,5,0,0,0,3,0,0,3,0,0,3,0,0,24,4,0,0,0,0,2,0,5,0,5,0,0,0,2,30,1,0
C:\Users\DELL PRO\Desktop\mini_projet\CheckInOutAPI-Hotel-Reservation-Management-main\src\main\java\com\api\apicheck_incheck_out\service\impl\ChambreReservationServiceImpl.java,com.api.apicheck_incheck_out.service.impl.ChambreReservationServiceImpl,class,10,10,0,10,8,1,0,11,6,0.65625,0.0,0.0,8,0,8,0,0,0,8,0,0,0,4,0,0,4,0,0,4,0,0,36,4,0,0,0,0,0,0,7,0,7,0,0,0,0,30,1,0
C:\Users\DELL PRO\Desktop\mini_projet\CheckInOutAPI-Hotel-Reservation-Management-main\src\main\java\com\api\apicheck_incheck_out\service\impl\UserServiceImpl.java,com.api.apicheck_incheck_out.service.impl.UserServiceImpl,class,16,16,0,16,19,1,0,40,0,0.57777774,0.0,0.0,9,0,9,0,0,0,9,0,0,0,5,0,0,5,0,0,4,0,3,85,12,0,1,2,0,7,1,11,3,15,1,0,0,1,58,1,0
C:\Users\DELL PRO\Desktop\mini_projet\CheckInOutAPI-Hotel-Reservation-Management-main\src\main\java\com\api\apicheck_incheck_out\repository\CheckOutRepository.java,com.api.apicheck_incheck_out.repository.CheckOutRepository,interface,4,7,3,4,1,1,0,0,0,0.0,NaN,NaN,1,0,0,0,0,1,1,0,0,0,0,0,0,0,0,0,0,0,0,3,0,0,0,0,0,0,0,0,0,0,0,0,0,0,7,1,0
C:\Users\DELL PRO\Desktop\mini_projet\CheckInOutAPI-Hotel-Reservation-Management-main\src\main\java\com\api\apicheck_incheck_out\controller\ReservationController.java,com.api.apicheck_incheck_out.controller.ReservationController,class,22,22,0,22,10,1,0,21,0,0.4,0.0,0.0,10,0,10,0,0,0,10,0,0,0,3,0,0,3,0,0,3,0,0,52,9,0,0,0,0,11,0,15,2,15,0,0,0,0,41,1,2
C:\Users\DELL PRO\Desktop\mini_projet\CheckInOutAPI-Hotel-Reservation-Management-main\src\main\java\com\api\apicheck_incheck_out\service\impl\EmailSenderService.java,com.api.apicheck_incheck_out.service.impl.EmailSenderService,class,5,7,2,5,2,1,0,6,0,0.25,0.0,0.0,2,0,2,0,0,0,2,0,0,0,2,0,0,2,0,0,1,0,0,16,0,0,0,0,0,2,0,2,1,3,0,0,0,0,16,1,1
C:\Users\DELL PRO\Desktop\mini_projet\CheckInOutAPI-Hotel-Reservation-Management-main\src\main\java\com\api\apicheck_incheck_out\exceptionhandling\InvalidCheckInStatusException.java,com.api.apicheck_incheck_out.exceptionhandling.InvalidCheckInStatusException,class,0,1,1,0,1,4,0,0,0,0.0,NaN,NaN,1,0,1,0,0,0,1,0,0,0,0,0,0,0,0,0,0,0,0,5,0,0,0,0,0,0,0,0,0,0,0,0,0,0,7,1,0
C:\Users\DELL PRO\Desktop\mini_projet\CheckInOutAPI-Hotel-Reservation-Management-main\src\main\java\com\api\apicheck_incheck_out\service\NotificationService.java,com.api.apicheck_incheck_out.service.NotificationService,interface,1,6,5,1,3,1,0,0,3,0.0,0.0,0.0,3,0,3,0,0,0,3,0,0,0,0,0,0,0,0,0,0,0,0,5,0,0,0,0,0,0,0,0,0,0,0,0,0,0,12,1,0
C:\Users\DELL PRO\Desktop\mini_projet\CheckInOutAPI-Hotel-Reservation-Management-main\src\main\java\com\api\apicheck_incheck_out\entity\DocumentScan.java,com.api.apicheck_incheck_out.entity.DocumentScan,class,14,22,8,14,0,1,0,0,0,NaN,-1.0,-1.0,0,0,0,0,0,0,0,0,0,0,10,0,0,9,0,1,0,0,0,12,0,0,0,0,0,8,1,0,0,10,0,0,0,0,20,1,0
C:\Users\DELL PRO\Desktop\mini_projet\CheckInOutAPI-Hotel-Reservation-Management-main\src\main\java\com\api\apicheck_incheck_out\service\UserService.java,com.api.apicheck_incheck_out.service.UserService,interface,2,6,4,2,9,1,0,0,36,0.0,0.0,0.0,9,0,0,0,0,9,9,0,0,0,0,0,0,0,0,0,0,0,0,11,0,0,0,0,0,0,0,0,0,0,0,0,0,0,16,1,0
C:\Users\DELL PRO\Desktop\mini_projet\CheckInOutAPI-Hotel-Reservation-Management-main\src\main\java\com\api\apicheck_incheck_out\enums\ReservationStatus.java,com.api.apicheck_incheck_out.enums.ReservationStatus,enum,0,6,6,0,0,1,0,0,0,0.0,-1.0,-1.0,0,0,0,0,0,0,0,0,0,0,0,0,0,0,0,0,0,0,0,1,0,0,0,0,0,0,0,0,0,0,0,0,0,0,9,1,0
C:\Users\DELL PRO\Desktop\mini_projet\CheckInOutAPI-Hotel-Reservation-Management-main\src\main\java\com\api\apicheck_incheck_out\enums\PhaseAjoutService.java,com.api.apicheck_incheck_out.enums.PhaseAjoutService,enum,0,7,7,0,0,1,0,0,0,0.0,-1.0,-1.0,0,0,0,0,0,0,0,0,0,0,0,0,0,0,0,0,0,0,0,1,0,0,0,0,0,0,0,0,0,0,0,0,0,0,10,1,0
C:\Users\DELL PRO\Desktop\mini_projet\CheckInOutAPI-Hotel-Reservation-Management-main\src\main\java\com\api\apicheck_incheck_out\exceptionhandling\UserNotFoundException.java,com.api.apicheck_incheck_out.exceptionhandling.UserNotFoundException,class,0,3,3,0,1,4,0,0,0,0.0,NaN,NaN,1,0,1,0,0,0,1,0,0,0,0,0,0,0,0,0,0,0,0,5,0,0,0,0,0,0,0,0,0,0,0,0,0,0,6,1,0
C:\Users\DELL PRO\Desktop\mini_projet\CheckInOutAPI-Hotel-Reservation-Management-main\src\main\java\com\api\apicheck_incheck_out\exceptionhandling\UserRegistrationException.java,com.api.apicheck_incheck_out.exceptionhandling.UserRegistrationException,class,0,2,2,0,1,4,0,0,0,0.0,NaN,NaN,1,0,1,0,0,0,1,0,0,0,0,0,0,0,0,0,0,0,0,5,0,0,0,0,0,0,0,0,0,0,0,0,0,0,6,1,0
C:\Users\DELL PRO\Desktop\mini_projet\CheckInOutAPI-Hotel-Reservation-Management-main\src\main\java\com\api\apicheck_incheck_out\exceptionhandling\InvalidReservationStatusException.java,com.api.apicheck_incheck_out.exceptionhandling.InvalidReservationStatusException,class,0,1,1,0,1,4,0,0,0,0.0,NaN,NaN,1,0,1,0,0,0,1,0,0,0,0,0,0,0,0,0,0,0,0,5,0,0,0,0,0,0,0,0,0,0,0,0,0,0,6,1,0
C:\Users\DELL PRO\Desktop\mini_projet\CheckInOutAPI-Hotel-Reservation-Management-main\src\main\java\com\api\apicheck_incheck_out\service\factory\CheckInStatusManager.java,com.api.apicheck_incheck_out.service.factory.CheckInStatusManager,class,4,5,1,4,2,1,0,2,0,0.0,0.0,0.0,2,0,2,0,0,0,2,0,0,0,1,0,0,1,0,0,1,0,0,10,0,0,0,0,0,0,0,1,0,1,0,0,0,0,8,1,0
C:\Users\DELL PRO\Desktop\mini_projet\CheckInOutAPI-Hotel-Reservation-Management-main\src\main\java\com\api\apicheck_incheck_out\service\factory\ReservationServicesSaver.java,com.api.apicheck_incheck_out.service.factory.ReservationServicesSaver,class,5,6,1,5,3,1,0,5,0,0.0,0.0,0.0,2,0,2,0,0,0,2,0,0,0,2,0,0,2,0,0,2,0,0,16,1,0,0,0,0,0,0,2,0,2,1,0,0,0,12,1,0
C:\Users\DELL PRO\Desktop\mini_projet\CheckInOutAPI-Hotel-Reservation-Management-main\src\main\java\com\api\apicheck_incheck_out\controller\EmailSenderController.java,com.api.apicheck_incheck_out.controller.EmailSenderController,class,6,6,0,6,3,1,0,5,0,0.0,0.0,0.0,2,0,2,0,0,0,2,0,0,0,1,0,0,1,0,0,1,0,0,15,2,0,0,1,0,6,0,1,2,1,1,0,0,0,17,1,0
C:\Users\DELL PRO\Desktop\mini_projet\CheckInOutAPI-Hotel-Reservation-Management-main\src\main\java\com\api\apicheck_incheck_out\service\factory\ChambreReservationStatusManager.java,com.api.apicheck_incheck_out.service.factory.ChambreReservationStatusManager,class,11,13,2,11,8,1,0,14,5,0.5714286,0.0,0.0,7,0,5,2,0,0,5,0,0,0,4,0,0,4,0,0,4,0,1,45,0,0,1,0,0,1,0,10,0,12,1,0,0,2,29,1,0
C:\Users\DELL PRO\Desktop\mini_projet\CheckInOutAPI-Hotel-Reservation-Management-main\src\main\java\com\api\apicheck_incheck_out\security\CorsConfig.java,com.api.apicheck_incheck_out.security.CorsConfig,class,5,5,0,5,1,1,0,5,0,0.0,NaN,NaN,1,0,1,0,0,0,1,0,0,0,0,0,0,0,0,0,0,0,0,16,1,0,0,0,0,8,0,2,0,2,0,0,0,0,11,1,0
C:\Users\DELL PRO\Desktop\mini_projet\CheckInOutAPI-Hotel-Reservation-Management-main\src\main\java\com\api\apicheck_incheck_out\stripe\service\StripeService.java,com.api.apicheck_incheck_out.stripe.service.StripeService,interface,3,5,2,3,3,1,0,0,3,0.0,0.0,0.0,3,0,3,0,0,0,3,0,0,0,0,0,0,0,0,0,0,0,0,5,0,0,0,0,0,0,0,0,0,0,0,0,0,0,17,1,0
C:\Users\DELL PRO\Desktop\mini_projet\CheckInOutAPI-Hotel-Reservation-Management-main\src\main\java\com\api\apicheck_incheck_out\service\factory\ReservationConfirmationManager.java,com.api.apicheck_incheck_out.service.factory.ReservationConfirmationManager,class,8,10,2,8,5,1,0,19,4,0.6,0.0,0.0,5,0,2,3,0,0,2,0,0,0,3,0,0,3,0,0,3,0,0,29,0,0,0,0,0,0,0,5,0,9,0,0,0,4,15,1,0
C:\Users\DELL PRO\Desktop\mini_projet\CheckInOutAPI-Hotel-Reservation-Management-main\src\main\java\com\api\apicheck_incheck_out\service\impl\ReservationServiceImpl.java,com.api.apicheck_incheck_out.service.impl.ReservationServiceImpl,class,22,22,0,22,22,1,0,53,0,0.6883117,0.0,0.0,11,0,11,0,0,0,11,0,0,0,7,0,0,7,0,0,7,0,0,110,9,2,9,0,4,11,0,29,7,31,3,0,0,10,71,1,1
C:\Users\DELL PRO\Desktop\mini_projet\CheckInOutAPI-Hotel-Reservation-Management-main\src\main\java\com\api\apicheck_incheck_out\service\ServicesService.java,com.api.apicheck_incheck_out.service.ServicesService,interface,1,3,2,1,4,1,0,0,6,0.0,0.0,0.0,4,0,4,0,0,0,4,0,0,0,0,0,0,0,0,0,0,0,0,6,0,0,0,0,0,0,0,0,0,0,0,0,0,0,12,1,0
C:\Users\DELL PRO\Desktop\mini_projet\CheckInOutAPI-Hotel-Reservation-Management-main\src\main\java\com\api\apicheck_incheck_out\controller\CheckOutController.java,com.api.apicheck_incheck_out.controller.CheckOutController,class,30,30,0,30,16,1,0,36,0,0.62,0.0,0.0,10,0,10,0,0,0,10,0,0,0,5,0,0,5,0,0,5,0,2,86,14,0,1,4,0,34,0,13,7,18,2,0,0,1,81,1,6
C:\Users\DELL PRO\Desktop\mini_projet\CheckInOutAPI-Hotel-Reservation-Management-main\src\main\java\com\api\apicheck_incheck_out\enums\ChambreType.java,com.api.apicheck_incheck_out.enums.ChambreType,enum,0,7,7,0,0,1,0,0,0,0.0,-1.0,-1.0,0,0,0,0,0,0,0,0,0,0,0,0,0,0,0,0,0,0,0,1,0,0,0,0,0,0,0,0,0,0,0,0,0,0,9,1,0
C:\Users\DELL PRO\Desktop\mini_projet\CheckInOutAPI-Hotel-Reservation-Management-main\src\main\java\com\api\apicheck_incheck_out\mapper\CheckInMapper.java,com.api.apicheck_incheck_out.mapper.CheckInMapper,class,3,4,1,3,4,1,0,10,0,0.0,NaN,NaN,1,0,1,0,0,0,1,0,0,0,0,0,0,0,0,0,0,0,0,14,2,0,3,0,0,0,0,1,0,1,1,0,0,0,10,1,0
C:\Users\DELL PRO\Desktop\mini_projet\CheckInOutAPI-Hotel-Reservation-Management-main\src\main\java\com\api\apicheck_incheck_out\dto\UserDto.java,com.api.apicheck_incheck_out.dto.UserDto,class,7,14,7,7,0,1,0,0,0,NaN,-1.0,-1.0,0,0,0,0,0,0,0,0,0,0,10,0,0,10,0,0,0,0,0,12,0,0,0,0,0,0,0,0,0,10,0,0,0,0,15,1,0
C:\Users\DELL PRO\Desktop\mini_projet\CheckInOutAPI-Hotel-Reservation-Management-main\src\main\java\com\api\apicheck_incheck_out\repository\ReservationServiceRepository.java,com.api.apicheck_incheck_out.repository.ReservationServiceRepository,interface,8,14,6,8,4,1,0,0,6,0.0,0.0,0.0,4,0,0,0,0,4,4,0,0,0,0,0,0,0,0,0,0,0,0,6,0,0,0,0,0,8,0,0,1,0,0,0,0,0,30,1,0
C:\Users\DELL PRO\Desktop\mini_projet\CheckInOutAPI-Hotel-Reservation-Management-main\src\main\java\com\api\apicheck_incheck_out\service\CheckInService.java,com.api.apicheck_incheck_out.service.CheckInService,interface,5,7,2,5,8,1,0,0,28,0.0,0.0,0.0,8,0,7,0,0,1,8,0,0,0,0,0,0,0,0,0,0,0,0,10,0,0,0,0,0,0,0,0,0,0,0,0,0,0,28,1,0
C:\Users\DELL PRO\Desktop\mini_projet\CheckInOutAPI-Hotel-Reservation-Management-main\src\main\java\com\api\apicheck_incheck_out\entity\Services.java,com.api.apicheck_incheck_out.entity.Services,class,9,23,14,9,0,1,0,0,0,NaN,-1.0,-1.0,0,0,0,0,0,0,0,0,0,0,4,0,0,4,0,0,0,0,0,6,0,0,0,0,0,4,0,0,0,4,0,0,0,0,8,1,0
C:\Users\DELL PRO\Desktop\mini_projet\CheckInOutAPI-Hotel-Reservation-Management-main\src\main\java\com\api\apicheck_incheck_out\exceptionhandling\PDFGenerationException.java,com.api.apicheck_incheck_out.exceptionhandling.PDFGenerationException,class,0,2,2,0,1,4,0,0,0,0.0,NaN,NaN,1,0,1,0,0,0,1,0,0,0,0,0,0,0,0,0,0,0,0,5,0,0,0,0,0,0,0,0,0,0,0,0,0,0,8,1,0
C:\Users\DELL PRO\Desktop\mini_projet\CheckInOutAPI-Hotel-Reservation-Management-main\src\main\java\com\api\apicheck_incheck_out\repository\DocumentScanRepository.java,com.api.apicheck_incheck_out.repository.DocumentScanRepository,interface,2,5,3,2,0,1,0,0,0,0.0,-1.0,-1.0,0,0,0,0,0,0,0,0,0,0,0,0,0,0,0,0,0,0,0,2,0,0,0,0,0,0,0,0,0,0,0,0,0,0,3,1,0
C:\Users\DELL PRO\Desktop\mini_projet\CheckInOutAPI-Hotel-Reservation-Management-main\src\main\java\com\api\apicheck_incheck_out\service\factory\ReservationServicesCreator.java,com.api.apicheck_incheck_out.service.factory.ReservationServicesCreator,class,9,11,2,9,3,1,0,13,0,0.33333334,0.0,0.0,3,0,3,0,0,0,3,0,0,0,2,0,0,2,0,0,2,0,0,21,2,0,0,0,0,1,0,5,1,7,0,0,0,3,22,1,0
C:\Users\DELL PRO\Desktop\mini_projet\CheckInOutAPI-Hotel-Reservation-Management-main\src\main\java\com\api\apicheck_incheck_out\exceptionhandling\CheckOutNotFoundException.java,com.api.apicheck_incheck_out.exceptionhandling.CheckOutNotFoundException,class,0,1,1,0,1,4,0,0,0,0.0,NaN,NaN,1,0,1,0,0,0,1,0,0,0,0,0,0,0,0,0,0,0,0,5,0,0,0,0,0,0,0,0,0,0,0,0,0,0,7,1,0
C:\Users\DELL PRO\Desktop\mini_projet\CheckInOutAPI-Hotel-Reservation-Management-main\src\main\java\com\api\apicheck_incheck_out\service\factory\DocumentScanFactory.java,com.api.apicheck_incheck_out.service.factory.DocumentScanFactory,class,4,5,1,4,2,1,0,17,0,0.0,0.0,0.0,2,0,2,0,0,0,2,0,0,0,1,0,0,1,0,0,1,0,0,18,1,0,0,0,0,0,0,2,0,2,0,0,0,0,12,1,0
C:\Users\DELL PRO\Desktop\mini_projet\CheckInOutAPI-Hotel-Reservation-Management-main\src\main\java\com\api\apicheck_incheck_out\exceptionhandling\NotificationNotFoundException.java,com.api.apicheck_incheck_out.exceptionhandling.NotificationNotFoundException,class,0,1,1,0,1,4,0,0,0,0.0,NaN,NaN,1,0,1,0,0,0,1,0,0,0,0,0,0,0,0,0,0,0,0,5,0,0,0,0,0,0,0,0,0,0,0,0,0,0,6,1,0
C:\Users\DELL PRO\Desktop\mini_projet\CheckInOutAPI-Hotel-Reservation-Management-main\src\main\java\com\api\apicheck_incheck_out\controller\ChambreReservationController.java,com.api.apicheck_incheck_out.controller.ChambreReservationController,class,12,12,0,12,7,1,0,9,0,0.21428572,0.0,0.0,7,0,7,0,0,0,7,0,0,0,2,0,0,2,0,0,2,0,0,35,6,0,0,0,0,7,0,8,0,8,0,0,0,0,33,1,0
C:\Users\DELL PRO\Desktop\mini_projet\CheckInOutAPI-Hotel-Reservation-Management-main\src\main\java\com\api\apicheck_incheck_out\service\DocumentScanService.java,com.api.apicheck_incheck_out.service.DocumentScanService,interface,2,3,1,2,1,1,0,0,0,0.0,NaN,NaN,1,0,1,0,0,0,1,0,0,0,0,0,0,0,0,0,0,0,0,3,0,0,0,0,0,0,0,0,0,0,0,0,0,0,11,1,0
C:\Users\DELL PRO\Desktop\mini_projet\CheckInOutAPI-Hotel-Reservation-Management-main\src\main\java\com\api\apicheck_incheck_out\entity\ReservationServices.java,com.api.apicheck_incheck_out.entity.ReservationServices,class,16,30,14,16,0,1,0,0,0,NaN,-1.0,-1.0,0,0,0,0,0,0,0,0,0,0,5,0,0,5,0,0,0,0,0,7,0,0,0,0,0,3,0,0,0,5,0,0,0,0,15,1,0
C:\Users\DELL PRO\Desktop\mini_projet\CheckInOutAPI-Hotel-Reservation-Management-main\src\main\java\com\api\apicheck_incheck_out\service\impl\CheckInServiceImpl.java,com.api.apicheck_incheck_out.service.impl.CheckInServiceImpl,class,18,18,0,18,9,1,0,23,0,0.6262626,0.0,0.0,9,0,9,0,0,0,9,0,0,0,11,0,0,11,0,0,11,0,0,74,6,0,0,0,0,0,0,19,0,19,0,0,0,0,42,1,0
C:\Users\DELL PRO\Desktop\mini_projet\CheckInOutAPI-Hotel-Reservation-Management-main\src\main\java\com\api\apicheck_incheck_out\service\FactureService.java,com.api.apicheck_incheck_out.service.FactureService,interface,3,7,4,3,6,1,0,0,15,0.0,0.0,0.0,6,0,5,0,0,1,6,0,0,0,0,0,0,0,0,0,0,0,0,8,0,0,0,0,0,0,0,0,0,0,0,0,0,0,21,1,0
C:\Users\DELL PRO\Desktop\mini_projet\CheckInOutAPI-Hotel-Reservation-Management-main\src\main\java\com\api\apicheck_incheck_out\service\impl\DocumentScanServiceImpl.java,com.api.apicheck_incheck_out.service.impl.DocumentScanServiceImpl,class,12,12,0,12,2,1,0,5,0,0.0,NaN,NaN,1,0,1,0,0,0,1,0,0,0,0,0,0,0,0,0,0,0,0,28,1,0,0,1,0,3,0,8,0,8,1,1,0,0,40,1,0
C:\Users\DELL PRO\Desktop\mini_projet\CheckInOutAPI-Hotel-Reservation-Management-main\src\main\java\com\api\apicheck_incheck_out\entity\User.java,com.api.apicheck_incheck_out.entity.User,class,17,35,18,17,0,1,0,0,0,NaN,-1.0,-1.0,0,0,0,0,0,0,0,0,0,0,12,0,0,12,0,0,0,0,0,14,0,0,0,0,0,12,0,0,0,12,0,0,0,0,22,1,0
C:\Users\DELL PRO\Desktop\mini_projet\CheckInOutAPI-Hotel-Reservation-Management-main\src\main\java\com\api\apicheck_incheck_out\enums\ChambreStatut.java,com.api.apicheck_incheck_out.enums.ChambreStatut,enum,0,5,5,0,0,1,0,0,0,0.0,-1.0,-1.0,0,0,0,0,0,0,0,0,0,0,0,0,0,0,0,0,0,0,0,1,0,0,0,0,0,0,0,0,0,0,0,0,0,0,8,1,0
C:\Users\DELL PRO\Desktop\mini_projet\CheckInOutAPI-Hotel-Reservation-Management-main\src\main\java\com\api\apicheck_incheck_out\repository\ReservationRepository.java,com.api.apicheck_incheck_out.repository.ReservationRepository,interface,5,18,13,5,3,1,0,0,3,0.0,0.0,0.0,3,0,0,0,0,3,3,0,0,0,0,0,0,0,0,0,0,0,0,5,0,0,0,0,0,5,0,0,1,0,0,0,0,0,21,1,0
C:\Users\DELL PRO\Desktop\mini_projet\CheckInOutAPI-Hotel-Reservation-Management-main\src\main\java\com\api\apicheck_incheck_out\service\factory\CheckInNotificationManager.java,com.api.apicheck_incheck_out.service.factory.CheckInNotificationManager,class,6,8,2,6,7,1,0,8,1,0.64285713,0.0,0.0,7,0,5,2,0,0,5,0,0,0,4,2,2,2,0,0,4,0,0,32,0,0,0,0,0,4,0,6,5,8,0,0,0,2,46,1,0
C:\Users\DELL PRO\Desktop\mini_projet\CheckInOutAPI-Hotel-Reservation-Management-main\src\main\java\com\api\apicheck_incheck_out\security\CustomUserDetailsService.java,com.api.apicheck_incheck_out.security.CustomUserDetailsService,class,7,9,2,7,3,1,0,1,0,0.0,0.0,0.0,2,0,2,0,0,0,2,0,0,0,1,0,0,1,0,0,1,0,0,13,1,0,1,0,0,1,0,2,1,2,1,0,0,0,18,1,0
C:\Users\DELL PRO\Desktop\mini_projet\CheckInOutAPI-Hotel-Reservation-Management-main\src\main\java\com\api\apicheck_incheck_out\exceptionhandling\ChambreReservationNotFoundException.java,com.api.apicheck_incheck_out.exceptionhandling.ChambreReservationNotFoundException,class,0,1,1,0,1,4,0,0,0,0.0,NaN,NaN,1,0,1,0,0,0,1,0,0,0,0,0,0,0,0,0,0,0,0,5,0,0,0,0,0,0,0,0,0,0,0,0,0,0,7,1,0
C:\Users\DELL PRO\Desktop\mini_projet\CheckInOutAPI-Hotel-Reservation-Management-main\src\main\java\com\api\apicheck_incheck_out\exceptionhandling\CheckInNotFoundException.java,com.api.apicheck_incheck_out.exceptionhandling.CheckInNotFoundException,class,0,1,1,0,1,4,0,0,0,0.0,NaN,NaN,1,0,1,0,0,0,1,0,0,0,0,0,0,0,0,0,0,0,0,5,0,0,0,0,0,0,0,0,0,0,0,0,0,0,7,1,0
C:\Users\DELL PRO\Desktop\mini_projet\CheckInOutAPI-Hotel-Reservation-Management-main\src\main\java\com\api\apicheck_incheck_out\stripe\CheckOutRequest.java,com.api.apicheck_incheck_out.stripe.CheckOutRequest,class,4,7,3,4,0,1,0,0,0,NaN,-1.0,-1.0,0,0,0,0,0,0,0,0,0,0,5,0,0,5,0,0,0,0,0,7,0,0,0,0,0,0,0,0,0,5,0,0,0,0,11,1,0
C:\Users\DELL PRO\Desktop\mini_projet\CheckInOutAPI-Hotel-Reservation-Management-main\src\main\java\com\api\apicheck_incheck_out\exceptionhandling\InvalidCINException.java,com.api.apicheck_incheck_out.exceptionhandling.InvalidCINException,class,0,1,1,0,1,4,0,0,0,0.0,NaN,NaN,1,0,1,0,0,0,1,0,0,0,0,0,0,0,0,0,0,0,0,5,0,0,0,0,0,0,0,0,0,0,0,0,0,0,7,1,0
C:\Users\DELL PRO\Desktop\mini_projet\CheckInOutAPI-Hotel-Reservation-Management-main\src\main\java\com\api\apicheck_incheck_out\dto\ReservationRequestDTO.java,com.api.apicheck_incheck_out.dto.ReservationRequestDTO,class,5,6,1,5,0,1,0,0,0,NaN,-1.0,-1.0,0,0,0,0,0,0,0,0,0,0,2,0,0,2,0,0,0,0,0,4,0,0,0,0,0,0,0,0,0,2,0,0,0,0,8,1,0
C:\Users\DELL PRO\Desktop\mini_projet\CheckInOutAPI-Hotel-Reservation-Management-main\src\main\java\com\api\apicheck_incheck_out\stripe\StripeResponse.java,com.api.apicheck_incheck_out.stripe.StripeResponse,class,4,9,5,4,0,1,0,0,0,NaN,-1.0,-1.0,0,0,0,0,0,0,0,0,0,0,4,0,0,4,0,0,0,0,0,6,0,0,0,0,0,0,0,0,0,4,0,0,0,0,7,1,0
C:\Users\DELL PRO\Desktop\mini_projet\CheckInOutAPI-Hotel-Reservation-Management-main\src\main\java\com\api\apicheck_incheck_out\controller\NotificationController.java,com.api.apicheck_incheck_out.controller.NotificationController,class,12,12,0,12,4,1,0,12,0,0.125,0.0,0.0,4,0,4,0,0,0,4,0,0,0,2,0,0,2,0,0,2,0,0,20,3,0,0,0,0,3,0,4,0,4,0,0,0,0,20,1,0
C:\Users\DELL PRO\Desktop\mini_projet\CheckInOutAPI-Hotel-Reservation-Management-main\src\main\java\com\api\apicheck_incheck_out\entity\CheckOut.java,com.api.apicheck_incheck_out.entity.CheckOut,class,13,20,7,13,0,1,0,0,0,NaN,-1.0,-1.0,0,0,0,0,0,0,0,0,0,0,4,0,0,4,0,0,0,0,0,6,0,0,0,0,0,3,0,0,0,4,0,0,0,0,13,1,0
C:\Users\DELL PRO\Desktop\mini_projet\CheckInOutAPI-Hotel-Reservation-Management-main\src\main\java\com\api\apicheck_incheck_out\dto\PaiementRequestDTO.java,com.api.apicheck_incheck_out.dto.PaiementRequestDTO,class,4,7,3,4,0,1,0,0,0,NaN,-1.0,-1.0,0,0,0,0,0,0,0,0,0,0,3,0,0,3,0,0,0,0,0,5,0,0,0,0,0,0,0,0,0,3,0,0,0,0,11,1,0
C:\Users\DELL PRO\Desktop\mini_projet\CheckInOutAPI-Hotel-Reservation-Management-main\src\main\java\com\api\apicheck_incheck_out\service\impl\NotificationServiceImpl.java,com.api.apicheck_incheck_out.service.impl.NotificationServiceImpl,class,8,8,0,8,6,1,0,11,0,0.25,0.0,0.0,4,0,4,0,0,0,4,0,0,0,2,0,0,2,0,0,2,0,1,34,2,0,0,0,0,2,0,6,2,6,1,0,0,0,24,1,0
C:\Users\DELL PRO\Desktop\mini_projet\CheckInOutAPI-Hotel-Reservation-Management-main\src\main\java\com\api\apicheck_incheck_out\entity\ChambreReservation.java,com.api.apicheck_incheck_out.entity.ChambreReservation,class,15,25,10,15,0,1,0,0,0,NaN,-1.0,-1.0,0,0,0,0,0,0,0,0,0,0,4,0,0,4,0,0,0,0,0,6,0,0,0,0,0,4,0,0,0,4,0,0,0,0,11,1,0
C:\Users\DELL PRO\Desktop\mini_projet\CheckInOutAPI-Hotel-Reservation-Management-main\src\main\java\com\api\apicheck_incheck_out\mapper\DocumentScanMapper.java,com.api.apicheck_incheck_out.mapper.DocumentScanMapper,class,6,7,1,6,4,1,0,22,1,0.33333334,0.0,0.0,3,0,3,0,0,0,3,0,0,0,1,0,0,1,0,0,1,0,0,27,2,0,1,0,0,1,0,3,0,3,1,0,0,1,21,1,0
C:\Users\DELL PRO\Desktop\mini_projet\CheckInOutAPI-Hotel-Reservation-Management-main\src\main\java\com\api\apicheck_incheck_out\exceptionhandling\ChambreNotFoundException.java,com.api.apicheck_incheck_out.exceptionhandling.ChambreNotFoundException,class,0,1,1,0,1,4,0,0,0,0.0,NaN,NaN,1,0,1,0,0,0,1,0,0,0,0,0,0,0,0,0,0,0,0,5,0,0,0,0,0,0,0,0,0,0,0,0,0,0,6,1,0
C:\Users\DELL PRO\Desktop\mini_projet\CheckInOutAPI-Hotel-Reservation-Management-main\src\main\java\com\api\apicheck_incheck_out\enums\PaiementStatus.java,com.api.apicheck_incheck_out.enums.PaiementStatus,enum,0,4,4,0,0,1,0,0,0,0.0,-1.0,-1.0,0,0,0,0,0,0,0,0,0,0,0,0,0,0,0,0,0,0,0,1,0,0,0,0,0,0,0,0,0,0,0,0,0,0,10,1,0
C:\Users\DELL PRO\Desktop\mini_projet\CheckInOutAPI-Hotel-Reservation-Management-main\src\main\java\com\api\apicheck_incheck_out\service\factory\ChambreReservationFilter.java,com.api.apicheck_incheck_out.service.factory.ChambreReservationFilter,class,7,9,2,7,10,1,0,24,6,0.6,0.0,0.0,5,0,2,3,0,0,2,0,0,0,2,0,0,2,0,0,2,0,2,25,4,0,4,0,4,0,0,7,0,10,0,0,0,3,31,1,0
C:\Users\DELL PRO\Desktop\mini_projet\CheckInOutAPI-Hotel-Reservation-Management-main\src\main\java\com\api\apicheck_incheck_out\pdf\CheckoutFacturePDF.java,com.api.apicheck_incheck_out.pdf.CheckoutFacturePDF,class,14,17,3,14,9,1,0,29,1,0.0,NaN,NaN,2,1,1,1,0,0,1,0,0,0,0,0,0,0,0,0,0,0,2,55,1,0,3,1,0,13,13,7,3,9,3,0,0,2,54,1,0
C:\Users\DELL PRO\Desktop\mini_projet\CheckInOutAPI-Hotel-Reservation-Management-main\src\main\java\com\api\apicheck_incheck_out\service\factory\CheckInValidator.java,com.api.apicheck_incheck_out.service.factory.CheckInValidator,class,5,7,2,5,5,1,0,4,3,0.0,NaN,NaN,3,0,1,2,0,0,1,0,0,0,0,0,0,0,0,0,0,0,0,16,0,0,2,0,0,2,0,0,0,0,1,0,0,0,22,1,0
C:\Users\DELL PRO\Desktop\mini_projet\CheckInOutAPI-Hotel-Reservation-Management-main\src\main\java\com\api\apicheck_incheck_out\service\impl\DocumentScanServiceImpl.java,com.api.apicheck_incheck_out.service.impl.DocumentScanServiceImpl$Anonymous1,anonymous,0,0,0,0,2,1,0,2,1,0.0,0.0,0.0,2,0,2,0,0,0,2,0,0,0,0,0,0,0,0,0,0,0,0,8,2,0,0,0,0,0,0,0,0,0,0,0,0,0,7,-1,0
C:\Users\DELL PRO\Desktop\mini_projet\CheckInOutAPI-Hotel-Reservation-Management-main\src\main\java\com\api\apicheck_incheck_out\dto\UserPricipal.java,com.api.apicheck_incheck_out.dto.UserPricipal,class,3,4,1,3,8,1,0,5,16,0.5,0.0,0.0,8,0,8,0,0,0,8,0,0,0,1,0,0,1,0,0,0,0,1,27,7,0,0,0,0,0,0,1,0,1,0,0,0,0,19,1,0
C:\Users\DELL PRO\Desktop\mini_projet\CheckInOutAPI-Hotel-Reservation-Management-main\src\main\java\com\api\apicheck_incheck_out\enums\PaiementMethod.java,com.api.apicheck_incheck_out.enums.PaiementMethod,enum,0,1,1,0,0,1,0,0,0,0.0,-1.0,-1.0,0,0,0,0,0,0,0,0,0,0,0,0,0,0,0,0,0,0,0,1,0,0,0,0,0,0,0,0,0,0,0,0,0,0,7,1,0
C:\Users\DELL PRO\Desktop\mini_projet\CheckInOutAPI-Hotel-Reservation-Management-main\src\main\java\com\api\apicheck_incheck_out\dto\ChambreDTO.java,com.api.apicheck_incheck_out.dto.ChambreDTO,class,6,11,5,6,0,1,0,0,0,NaN,-1.0,-1.0,0,0,0,0,0,0,0,0,0,0,7,0,0,7,0,0,0,0,0,9,0,0,0,0,0,0,0,0,0,7,0,0,0,0,15,1,0
C:\Users\DELL PRO\Desktop\mini_projet\CheckInOutAPI-Hotel-Reservation-Management-main\src\main\java\com\api\apicheck_incheck_out\exceptionhandling\PaymentValidationException.java,com.api.apicheck_incheck_out.exceptionhandling.PaymentValidationException,class,0,2,2,0,1,4,0,0,0,0.0,NaN,NaN,1,0,1,0,0,0,1,0,0,0,0,0,0,0,0,0,0,0,0,5,0,0,0,0,0,0,0,0,0,0,0,0,0,0,5,1,0
C:\Users\DELL PRO\Desktop\mini_projet\CheckInOutAPI-Hotel-Reservation-Management-main\src\main\java\com\api\apicheck_incheck_out\mapper\NotificationMapper.java,com.api.apicheck_incheck_out.mapper.NotificationMapper,class,6,7,1,6,3,1,0,7,1,0.33333334,0.0,0.0,3,0,3,0,0,0,3,0,0,0,1,0,0,1,0,0,1,0,0,13,2,0,0,0,0,1,0,2,0,2,0,0,0,1,14,1,0
C:\Users\DELL PRO\Desktop\mini_projet\CheckInOutAPI-Hotel-Reservation-Management-main\src\main\java\com\api\apicheck_incheck_out\entity\CheckIn.java,com.api.apicheck_incheck_out.entity.CheckIn,class,16,29,13,16,0,1,0,0,0,NaN,-1.0,-1.0,0,0,0,0,0,0,0,0,0,0,5,0,0,5,0,0,0,0,0,7,0,0,0,0,0,5,0,0,0,5,0,0,0,0,17,1,0
C:\Users\DELL PRO\Desktop\mini_projet\CheckInOutAPI-Hotel-Reservation-Management-main\src\main\java\com\api\apicheck_incheck_out\entity\Facture.java,com.api.apicheck_incheck_out.entity.Facture,class,17,25,8,17,0,1,0,0,0,NaN,-1.0,-1.0,0,0,0,0,0,0,0,0,0,0,7,0,0,7,0,0,0,0,0,9,0,0,0,0,0,7,0,0,0,7,0,0,0,0,17,1,0
C:\Users\DELL PRO\Desktop\mini_projet\CheckInOutAPI-Hotel-Reservation-Management-main\src\main\java\com\api\apicheck_incheck_out\dto\DetailReservationRequestDTO.java,com.api.apicheck_incheck_out.dto.DetailReservationRequestDTO,class,7,10,3,7,0,1,0,0,0,NaN,-1.0,-1.0,0,0,0,0,0,0,0,0,0,0,7,0,0,4,0,3,0,0,0,9,0,0,0,0,0,0,0,0,0,7,0,0,0,0,16,1,0
C:\Users\DELL PRO\Desktop\mini_projet\CheckInOutAPI-Hotel-Reservation-Management-main\src\main\java\com\api\apicheck_incheck_out\dto\DocumentScanDTO.java,com.api.apicheck_incheck_out.dto.DocumentScanDTO,class,8,16,8,8,0,1,0,0,0,NaN,-1.0,-1.0,0,0,0,0,0,0,0,0,0,0,9,0,0,8,0,1,0,0,0,11,0,0,0,0,0,0,0,0,0,9,0,0,0,0,16,1,0
C:\Users\DELL PRO\Desktop\mini_projet\CheckInOutAPI-Hotel-Reservation-Management-main\src\main\java\com\api\apicheck_incheck_out\enums\CheckInStatus.java,com.api.apicheck_incheck_out.enums.CheckInStatus,enum,0,7,7,0,0,1,0,0,0,0.0,-1.0,-1.0,0,0,0,0,0,0,0,0,0,0,0,0,0,0,0,0,0,0,0,1,0,0,0,0,0,0,0,0,0,0,0,0,0,0,10,1,0
C:\Users\DELL PRO\Desktop\mini_projet\CheckInOutAPI-Hotel-Reservation-Management-main\src\main\java\com\api\apicheck_incheck_out\dto\ReservationDTO.java,com.api.apicheck_incheck_out.dto.ReservationDTO,class,8,13,5,8,0,1,0,0,0,NaN,-1.0,-1.0,0,0,0,0,0,0,0,0,0,0,10,0,0,10,0,0,0,0,0,12,0,0,0,0,0,2,0,0,0,10,0,0,0,0,27,1,0
C:\Users\DELL PRO\Desktop\mini_projet\CheckInOutAPI-Hotel-Reservation-Management-main\src\main\java\com\api\apicheck_incheck_out\enums\DocumentScanType.java,com.api.apicheck_incheck_out.enums.DocumentScanType,enum,0,3,3,0,0,1,0,0,0,0.0,-1.0,-1.0,0,0,0,0,0,0,0,0,0,0,0,0,0,0,0,0,0,0,0,1,0,0,0,0,0,0,0,0,0,0,0,0,0,0,10,1,0
C:\Users\DELL PRO\Desktop\mini_projet\CheckInOutAPI-Hotel-Reservation-Management-main\src\main\java\com\api\apicheck_incheck_out\mapper\CheckOutMapper.java,com.api.apicheck_incheck_out.mapper.CheckOutMapper,class,5,6,1,5,4,1,0,14,4,0.5,0.0,0.0,4,0,4,0,0,0,4,0,0,0,1,0,0,1,0,0,1,0,0,16,3,0,0,0,0,0,0,2,0,2,0,0,0,0,15,1,0
C:\Users\DELL PRO\Desktop\mini_projet\CheckInOutAPI-Hotel-Reservation-Management-main\src\main\java\com\api\apicheck_incheck_out\repository\NotificationRepository.java,com.api.apicheck_incheck_out.repository.NotificationRepository,interface,2,4,2,2,1,1,0,0,0,0.0,NaN,NaN,1,0,0,0,0,1,1,0,0,0,0,0,0,0,0,0,0,0,0,3,0,0,0,0,0,0,0,0,0,0,0,0,0,0,8,1,0
C:\Users\DELL PRO\Desktop\mini_projet\CheckInOutAPI-Hotel-Reservation-Management-main\src\main\java\com\api\apicheck_incheck_out\CheckInOutApiHotelReservationManagementApplication.java,com.api.apicheck_incheck_out.CheckInOutApiHotelReservationManagementApplication,class,3,4,1,3,1,1,0,1,0,0.0,NaN,NaN,1,1,1,0,0,0,1,0,0,0,0,0,0,0,0,0,0,0,0,5,0,0,0,0,0,0,0,0,0,0,0,0,0,0,10,1,0
C:\Users\DELL PRO\Desktop\mini_projet\CheckInOutAPI-Hotel-Reservation-Management-main\src\main\java\com\api\apicheck_incheck_out\service\factory\CheckInFactory.java,com.api.apicheck_incheck_out.service.factory.CheckInFactory,class,6,7,1,6,2,1,0,7,0,0.0,0.0,0.0,2,0,2,0,0,0,2,0,0,0,1,0,0,1,0,0,1,0,1,15,1,0,0,0,0,0,0,2,0,2,0,0,0,0,13,1,0
C:\Users\DELL PRO\Desktop\mini_projet\CheckInOutAPI-Hotel-Reservation-Management-main\src\main\java\com\api\apicheck_incheck_out\service\impl\CheckOutServiceImpl.java,com.api.apicheck_incheck_out.service.impl.CheckOutServiceImpl,class,26,27,1,26,14,1,0,53,0,0.7777778,0.0,0.0,9,0,9,0,0,0,9,0,0,0,8,0,0,8,0,0,8,0,3,80,8,0,2,0,0,12,1,17,8,30,1,0,0,7,80,1,0
C:\Users\DELL PRO\Desktop\mini_projet\CheckInOutAPI-Hotel-Reservation-Management-main\src\main\java\com\api\apicheck_incheck_out\service\ReservationService.java,com.api.apicheck_incheck_out.service.ReservationService,interface,4,9,5,4,10,1,0,0,45,0.0,0.0,0.0,10,0,10,0,0,0,10,0,0,0,0,0,0,0,0,0,0,0,0,12,0,0,0,0,0,0,0,0,0,0,0,0,0,0,29,1,0
C:\Users\DELL PRO\Desktop\mini_projet\CheckInOutAPI-Hotel-Reservation-Management-main\src\main\java\com\api\apicheck_incheck_out\dto\NotificationDTO.java,com.api.apicheck_incheck_out.dto.NotificationDTO,class,6,8,2,6,0,1,0,0,0,NaN,-1.0,-1.0,0,0,0,0,0,0,0,0,0,0,4,0,0,4,0,0,0,0,0,6,0,0,0,0,0,0,0,0,0,4,0,0,0,0,13,1,0
C:\Users\DELL PRO\Desktop\mini_projet\CheckInOutAPI-Hotel-Reservation-Management-main\src\main\java\com\api\apicheck_incheck_out\dto\CheckOutDTO.java,com.api.apicheck_incheck_out.dto.CheckOutDTO,class,3,5,2,3,0,1,0,0,0,NaN,-1.0,-1.0,0,0,0,0,0,0,0,0,0,0,3,0,0,3,0,0,0,0,0,5,0,0,0,0,0,0,0,0,0,3,0,0,0,0,10,1,0
C:\Users\DELL PRO\Desktop\mini_projet\CheckInOutAPI-Hotel-Reservation-Management-main\src\main\java\com\api\apicheck_incheck_out\stripe\StripeConfig.java,com.api.apicheck_incheck_out.stripe.StripeConfig,class,3,3,0,3,1,1,0,0,0,0.0,NaN,NaN,1,0,1,0,0,0,1,0,0,0,1,0,0,1,0,0,0,0,0,6,0,0,0,0,0,1,0,1,0,1,0,0,0,0,5,1,0
C:\Users\DELL PRO\Desktop\mini_projet\CheckInOutAPI-Hotel-Reservation-Management-main\src\main\java\com\api\apicheck_incheck_out\enums\Role.java,com.api.apicheck_incheck_out.enums.Role,enum,0,2,2,0,0,1,0,0,0,0.0,-1.0,-1.0,0,0,0,0,0,0,0,0,0,0,0,0,0,0,0,0,0,0,0,1,0,0,0,0,0,0,0,0,0,0,0,0,0,0,8,1,0
C:\Users\DELL PRO\Desktop\mini_projet\CheckInOutAPI-Hotel-Reservation-Management-main\src\main\java\com\api\apicheck_incheck_out\service\ReservationServicesService.java,com.api.apicheck_incheck_out.service.ReservationServicesService,interface,3,8,5,3,6,1,0,0,15,0.0,0.0,0.0,6,0,6,0,0,0,6,0,0,0,0,0,0,0,0,0,0,0,0,8,0,0,0,0,0,0,0,0,0,0,0,0,0,0,20,1,0
C:\Users\DELL PRO\Desktop\mini_projet\CheckInOutAPI-Hotel-Reservation-Management-main\src\main\java\com\api\apicheck_incheck_out\repository\FactureRepository.java,com.api.apicheck_incheck_out.repository.FactureRepository,interface,3,6,3,3,2,1,0,0,1,0.0,0.0,0.0,2,0,0,0,0,2,2,0,0,0,0,0,0,0,0,0,0,0,0,4,0,0,0,0,0,0,0,0,0,0,0,0,0,0,13,1,0
C:\Users\DELL PRO\Desktop\mini_projet\CheckInOutAPI-Hotel-Reservation-Management-main\src\main\java\com\api\apicheck_incheck_out\exceptionhandling\EmailAlreadyUsedException.java,com.api.apicheck_incheck_out.exceptionhandling.EmailAlreadyUsedException,class,0,1,1,0,1,4,0,0,0,0.0,NaN,NaN,1,0,1,0,0,0,1,0,0,0,0,0,0,0,0,0,0,0,0,5,0,0,0,0,0,0,0,0,0,0,0,0,0,0,6,1,0
C:\Users\DELL PRO\Desktop\mini_projet\CheckInOutAPI-Hotel-Reservation-Management-main\src\main\java\com\api\apicheck_incheck_out\pdf\CheckInFacturePDF.java,com.api.apicheck_incheck_out.pdf.CheckInFacturePDF,class,12,13,1,12,8,1,0,35,1,0.0,NaN,NaN,2,1,1,1,0,0,1,0,0,0,0,0,0,0,0,0,0,0,1,63,1,0,2,1,0,19,17,8,7,11,3,0,0,3,51,1,0
C:\Users\DELL PRO\Desktop\mini_projet\CheckInOutAPI-Hotel-Reservation-Management-main\src\main\java\com\api\apicheck_incheck_out\security\SecurityConfig.java,com.api.apicheck_incheck_out.security.SecurityConfig,class,14,15,1,14,5,1,0,19,2,0.5,0.0,0.0,5,0,5,0,0,0,5,0,0,0,2,0,0,2,0,0,2,0,0,23,4,0,0,0,0,16,1,3,0,6,0,0,0,3,47,1,0
C:\Users\DELL PRO\Desktop\mini_projet\CheckInOutAPI-Hotel-Reservation-Management-main\src\main\java\com\api\apicheck_incheck_out\exceptionhandling\ReservationNotFoundException.java,com.api.apicheck_incheck_out.exceptionhandling.ReservationNotFoundException,class,0,2,2,0,1,4,0,0,0,0.0,NaN,NaN,1,0,1,0,0,0,1,0,0,0,0,0,0,0,0,0,0,0,0,5,0,0,0,0,0,0,0,0,0,0,0,0,0,0,6,1,0
C:\Users\DELL PRO\Desktop\mini_projet\CheckInOutAPI-Hotel-Reservation-Management-main\src\main\java\com\api\apicheck_incheck_out\service\CheckOutService.java,com.api.apicheck_incheck_out.service.CheckOutService,interface,3,6,3,3,9,1,0,0,36,0.0,0.0,0.0,9,0,9,0,0,0,9,0,0,0,0,0,0,0,0,0,0,0,0,11,0,0,0,0,0,0,0,0,0,0,0,0,0,0,30,1,0
C:\Users\DELL PRO\Desktop\mini_projet\CheckInOutAPI-Hotel-Reservation-Management-main\src\main\java\com\api\apicheck_incheck_out\enums\CheckOutStatut.java,com.api.apicheck_incheck_out.enums.CheckOutStatut,enum,0,5,5,0,0,1,0,0,0,0.0,-1.0,-1.0,0,0,0,0,0,0,0,0,0,0,0,0,0,0,0,0,0,0,0,1,0,0,0,0,0,0,0,0,0,0,0,0,0,0,12,1,0
C:\Users\DELL PRO\Desktop\mini_projet\CheckInOutAPI-Hotel-Reservation-Management-main\src\main\java\com\api\apicheck_incheck_out\service\factory\ReservationServicesFinder.java,com.api.apicheck_incheck_out.service.factory.ReservationServicesFinder,class,4,9,5,4,3,1,0,9,1,0.33333334,0.0,0.0,3,0,3,0,0,0,3,0,0,0,1,0,0,1,0,0,1,0,1,12,2,0,0,0,0,1,0,1,1,2,0,0,0,2,21,1,0
C:\Users\DELL PRO\Desktop\mini_projet\CheckInOutAPI-Hotel-Reservation-Management-main\src\main\java\com\api\apicheck_incheck_out\controller\ReservationServicesController.java,com.api.apicheck_incheck_out.controller.ReservationServicesController,class,25,25,0,25,11,1,0,37,0,0.5714286,0.0,0.0,7,0,7,0,0,0,7,0,0,0,6,0,0,6,0,0,6,0,2,65,7,0,1,1,0,30,0,19,5,22,1,0,0,5,74,1,1
C:\Users\DELL PRO\Desktop\mini_projet\CheckInOutAPI-Hotel-Reservation-Management-main\src\main\java\com\api\apicheck_incheck_out\dto\CheckInDTO.java,com.api.apicheck_incheck_out.dto.CheckInDTO,class,5,7,2,5,0,1,0,0,0,NaN,-1.0,-1.0,0,0,0,0,0,0,0,0,0,0,5,0,0,5,0,0,0,0,0,7,0,0,0,0,0,0,0,0,0,5,0,0,0,0,15,1,0
C:\Users\DELL PRO\Desktop\mini_projet\CheckInOutAPI-Hotel-Reservation-Management-main\src\main\java\com\api\apicheck_incheck_out\service\impl\ServicesServiceImpl.java,com.api.apicheck_incheck_out.service.impl.ServicesServiceImpl,class,5,5,0,5,7,1,0,12,0,0.0,0.0,0.0,5,0,5,0,0,0,5,0,0,0,1,0,0,1,0,0,1,0,0,35,4,0,0,0,0,2,0,4,2,4,1,0,0,0,21,1,0
C:\Users\DELL PRO\Desktop\mini_projet\CheckInOutAPI-Hotel-Reservation-Management-main\src\main\java\com\api\apicheck_incheck_out\exceptionhandling\ServiceNotFoundException.java,com.api.apicheck_incheck_out.exceptionhandling.ServiceNotFoundException,class,0,1,1,0,1,4,0,0,0,0.0,NaN,NaN,1,0,1,0,0,0,1,0,0,0,0,0,0,0,0,0,0,0,0,5,0,0,0,0,0,0,0,0,0,0,0,0,0,0,6,1,0
C:\Users\DELL PRO\Desktop\mini_projet\CheckInOutAPI-Hotel-Reservation-Management-main\src\main\java\com\api\apicheck_incheck_out\exceptionhandling\GlobalExceptionHandler.java,com.api.apicheck_incheck_out.exceptionhandling.GlobalExceptionHandler,class,7,7,0,7,4,1,0,4,6,0.0,0.0,0.0,4,0,4,0,0,0,4,0,0,0,0,0,0,0,0,0,0,0,0,14,4,0,0,0,0,0,0,0,0,0,0,0,0,0,11,1,0
C:\Users\DELL PRO\Desktop\mini_projet\CheckInOutAPI-Hotel-Reservation-Management-main\src\main\java\com\api\apicheck_incheck_out\mapper\ChambreMapper.java,com.api.apicheck_incheck_out.mapper.ChambreMapper,class,6,9,3,6,5,1,0,14,1,0.33333334,0.0,0.0,3,0,3,0,0,0,3,0,0,0,1,0,0,1,0,0,1,0,0,17,2,0,1,0,0,1,0,4,1,4,1,0,0,2,20,1,0
